"ID","Description","GeneRatio","BgRatio","pvalue","p.adjust","qvalue","geneID","Count"
"GO:0030198","extracellular matrix organization","7/20","298/15596",5.4291262287023e-08,1.02306199814614e-05,7.77766431339173e-06,"KLK4/ADAMTS12/MMP7/ADAMTS2/POSTN/MMP11/FAP",7
"GO:0043062","extracellular structure organization","7/20","299/15596",5.55516614064356e-08,1.02306199814614e-05,7.77766431339173e-06,"KLK4/ADAMTS12/MMP7/ADAMTS2/POSTN/MMP11/FAP",7
"GO:0045229","external encapsulating structure organization","7/20","300/15596",5.68367776747857e-08,1.02306199814614e-05,7.77766431339173e-06,"KLK4/ADAMTS12/MMP7/ADAMTS2/POSTN/MMP11/FAP",7
"GO:0030574","collagen catabolic process","4/20","37/15596",1.26382030881225e-07,1.70615741689654e-05,1.29707873799152e-05,"MMP7/ADAMTS2/MMP11/FAP",4
"GO:0022617","extracellular matrix disassembly","4/20","56/15596",6.91946127115253e-07,7.47301817284473e-05,5.68124188578839e-05,"KLK4/MMP7/MMP11/FAP",4
"GO:0032963","collagen metabolic process","4/20","88/15596",4.279008402922e-06,0.00038511075626298,0.000292774259147295,"MMP7/ADAMTS2/MMP11/FAP",4
"GO:0030199","collagen fibril organization","3/20","62/15596",6.49925438086499e-05,0.00501371052238157,0.003811592794793,"ADAMTS12/ADAMTS2/MMP11",3
"GO:0032331","negative regulation of chondrocyte differentiation","2/20","22/15596",0.000355396746514651,0.0239892803897389,0.0182374646237781,"ADAMTS12/CCN4",2
"GO:0061037","negative regulation of cartilage development","2/20","27/15596",0.00053794604654921,0.0322767627929526,0.0245378898425956,"ADAMTS12/CCN4",2
